{
    "error": 1.0,
    "error_list": [
        0.625,
        0.71875,
        0.4375,
        0.65625,
        0.34375,
        0.90625,
        1.0,
        1.0,
        1.0,
        1.0,
        1.0,
        0.75,
        0.78125,
        1.0,
        1.0,
        0.96875,
        1.0,
        1.0,
        1.0,
        1.0,
        1.0,
        1.0,
        1.0,
        1.0,
        1.0,
        1.0,
        1.0,
        1.0,
        1.0,
        1.0,
        1.0,
        1.0,
        1.0,
        1.0,
        1.0,
        1.0,
        1.0,
        1.0,
        1.0,
        1.0,
        1.0,
        1.0,
        1.0,
        1.0,
        1.0,
        1.0,
        1.0,
        1.0,
        1.0,
        1.0,
        1.0,
        1.0,
        1.0,
        1.0,
        1.0,
        1.0,
        1.0,
        1.0,
        1.0,
        1.0,
        1.0,
        1.0,
        1.0,
        1.0,
        1.0,
        1.0,
        1.0,
        1.0,
        1.0,
        1.0,
        1.0,
        1.0,
        1.0,
        1.0,
        1.0,
        1.0,
        1.0,
        1.0,
        1.0,
        1.0,
        1.0,
        1.0,
        1.0,
        1.0,
        1.0,
        1.0,
        1.0,
        1.0,
        1.0,
        1.0,
        1.0,
        1.0,
        1.0,
        1.0,
        1.0,
        1.0,
        1.0,
        1.0,
        1.0,
        1.0,
        1.0,
        1.0,
        1.0,
        1.0,
        1.0,
        1.0,
        1.0,
        1.0,
        1.0,
        1.0,
        1.0,
        1.0,
        1.0,
        1.0,
        1.0,
        1.0,
        1.0,
        1.0,
        1.0,
        1.0,
        1.0,
        1.0,
        1.0,
        1.0,
        1.0,
        1.0,
        1.0,
        1.0,
        1.0,
        1.0,
        1.0,
        1.0,
        1.0,
        1.0,
        1.0,
        1.0,
        1.0,
        1.0,
        1.0,
        1.0,
        1.0,
        1.0,
        1.0,
        1.0,
        1.0,
        1.0,
        1.0,
        1.0,
        1.0,
        1.0
    ],
    "flags": {
        "Eds_mode": 0,
        "MDGL_buflen": -1,
        "MDGLpp_mode": 3,
        "batch_size": 32,
        "beta": 1.8,
        "comment": "run_-2.5_3_ntypes1_100_0.0005_3",
        "crs_thr": false,
        "custom_mode": -2.5,
        "dampening_factor": 0.3,
        "delay_window": 700,
        "downsampled": false,
        "in_high": 2.0,
        "l1": 0.01,
        "learning_rate": 0.0005,
        "load_adj": false,
        "lr_decay": 0.8,
        "lr_decay2_every": 900,
        "lr_decay_every": 300,
        "model": "LSNN",
        "n_adaptive": 0,
        "n_delay": 1,
        "n_in": 2,
        "n_iter": 3000,
        "n_multiplier": 1.0,
        "n_ref": 5,
        "n_regular": 120,
        "neuron_sign": true,
        "ntype_EI": 1,
        "op_conversion_fallback_to_while_loop": false,
        "print_every": 20,
        "proportion_excitatory": 0.8,
        "reg_l2": 0.0005,
        "resume": "",
        "rewiring_connectivity": 0.99,
        "rewiring_temperature": 0.0,
        "save_align": false,
        "save_align_every": 50,
        "save_data": true,
        "sparsify_Wpow": -1.0,
        "tau_a": 700.0,
        "tau_a_range": 0.0,
        "tau_v": 100.0,
        "thr": 0.0,
        "trainable_adapt_mode": 0,
        "verbose": true,
        "wout_connectivity": 0.99
    },
    "loss": 0.002440481912344694,
    "loss_list": [
        0.6046440601348877,
        0.6948040127754211,
        0.6930617094039917,
        0.66837078332901,
        0.6875226497650146,
        0.5005698204040527,
        0.35328537225723267,
        0.23111559450626373,
        0.2140924036502838,
        0.18258549273014069,
        0.11510530114173889,
        0.46289730072021484,
        0.40249717235565186,
        0.15958911180496216,
        0.108716681599617,
        0.10791026800870895,
        0.05369381606578827,
        0.04058670997619629,
        0.03238993510603905,
        0.019795915111899376,
        0.017886899411678314,
        0.024273857474327087,
        0.015800485387444496,
        0.019720230251550674,
        0.013743291608989239,
        0.010262702591717243,
        0.02287045307457447,
        0.015210152603685856,
        0.009961878880858421,
        0.011851143091917038,
        0.008287770673632622,
        0.004833810497075319,
        0.010653018951416016,
        0.008249908685684204,
        0.00748939486220479,
        0.0072713373228907585,
        0.008017586544156075,
        0.005027089733630419,
        0.004933396354317665,
        0.00587416673079133,
        0.006002741400152445,
        0.004245277494192123,
        0.00407995842397213,
        0.003551110625267029,
        0.003442013170570135,
        0.0037660030648112297,
        0.004045451991260052,
        0.0037299124523997307,
        0.004301704000681639,
        0.0034375698305666447,
        0.0034872321411967278,
        0.0031406350899487734,
        0.003324952907860279,
        0.0033356798812747,
        0.0032722654286772013,
        0.0036182906478643417,
        0.002717949915677309,
        0.0034833077806979418,
        0.00301539758220315,
        0.0025676279328763485,
        0.0032312991097569466,
        0.003080719616264105,
        0.0027091316878795624,
        0.0031888028606772423,
        0.0037414110265672207,
        0.002974914386868477,
        0.00309778843075037,
        0.002853505313396454,
        0.0032247514463961124,
        0.0030348398722708225,
        0.003197734011337161,
        0.0026522064581513405,
        0.00316075817681849,
        0.002884676679968834,
        0.002774509135633707,
        0.002965681254863739,
        0.0029478976503014565,
        0.0030798944644629955,
        0.002496779663488269,
        0.0025577459018677473,
        0.002353642601519823,
        0.0032855351455509663,
        0.002746908226981759,
        0.0028292478527873755,
        0.002338146325200796,
        0.00259212963283062,
        0.002445986494421959,
        0.0027980897575616837,
        0.0026540313847362995,
        0.0024870506022125483,
        0.002597946673631668,
        0.0024539311416447163,
        0.0023771626874804497,
        0.0025086416862905025,
        0.0027320673689246178,
        0.002527357544749975,
        0.0024537458084523678,
        0.0022918502800166607,
        0.0030232947319746017,
        0.0022258544340729713,
        0.0023649916984140873,
        0.002514204941689968,
        0.002474166452884674,
        0.00243762182071805,
        0.0024618080351501703,
        0.002477107336744666,
        0.002570742042735219,
        0.00238084327429533,
        0.0024446286261081696,
        0.002269390504807234,
        0.0024936990812420845,
        0.002338386606425047,
        0.0025615207850933075,
        0.0024955817498266697,
        0.0023852502927184105,
        0.002353302203118801,
        0.0024585630744695663,
        0.003001757897436619,
        0.002361240331083536,
        0.0027778176590800285,
        0.00244233850389719,
        0.002341249492019415,
        0.0023402557708323,
        0.002640319988131523,
        0.0022740704007446766,
        0.0021445511374622583,
        0.0024815495125949383,
        0.002264993730932474,
        0.0020666837226599455,
        0.0022801333107054234,
        0.0026328349485993385,
        0.002490569371730089,
        0.002545773983001709,
        0.0023417046759277582,
        0.0022818692959845066,
        0.0022980747744441032,
        0.0022393714170902967,
        0.0021331640891730785,
        0.0022453879937529564,
        0.0020400728099048138,
        0.0023268095683306456,
        0.002360234037041664,
        0.002297626342624426,
        0.002077754121273756,
        0.0021842196583747864,
        0.002319023013114929,
        0.002210920676589012,
        0.0022892262786626816,
        0.002708984073251486,
        0.002440481912344694
    ],
    "time_to_ref": [],