{
    "error": 1.0,
    "error_list": [
        0.40625,
        0.3125,
        0.53125,
        0.59375,
        0.46875,
        0.5,
        0.71875,
        0.40625,
        0.75,
        0.34375,
        0.5625,
        1.0,
        1.0,
        1.0,
        1.0,
        1.0,
        1.0,
        1.0,
        1.0,
        1.0,
        1.0,
        1.0,
        1.0,
        1.0,
        1.0,
        1.0,
        1.0,
        1.0,
        1.0,
        1.0,
        1.0,
        1.0,
        1.0,
        1.0,
        1.0,
        1.0,
        1.0,
        1.0,
        1.0,
        1.0,
        1.0,
        1.0,
        1.0,
        1.0,
        1.0,
        1.0,
        1.0,
        1.0,
        1.0,
        1.0,
        1.0,
        1.0,
        1.0,
        1.0,
        1.0,
        1.0,
        1.0,
        1.0,
        1.0,
        1.0,
        1.0,
        1.0,
        1.0,
        1.0,
        1.0,
        1.0,
        1.0,
        1.0,
        1.0,
        1.0,
        1.0,
        1.0,
        1.0,
        1.0,
        1.0,
        1.0,
        1.0,
        1.0,
        1.0,
        1.0,
        1.0,
        1.0,
        1.0,
        1.0,
        1.0,
        1.0,
        1.0,
        1.0,
        1.0,
        1.0,
        1.0,
        1.0,
        1.0,
        1.0,
        1.0,
        1.0,
        1.0,
        1.0,
        1.0,
        1.0,
        1.0,
        1.0,
        1.0,
        1.0,
        1.0,
        1.0,
        1.0,
        1.0,
        1.0,
        1.0,
        1.0,
        1.0,
        1.0,
        1.0,
        1.0,
        1.0,
        1.0,
        1.0,
        1.0,
        1.0,
        1.0,
        1.0,
        1.0,
        1.0,
        1.0,
        1.0,
        1.0,
        1.0,
        1.0,
        1.0,
        1.0,
        1.0,
        1.0,
        1.0,
        1.0,
        1.0,
        1.0,
        1.0,
        1.0,
        1.0,
        1.0,
        1.0,
        1.0,
        1.0,
        1.0,
        1.0,
        1.0,
        1.0,
        1.0,
        1.0
    ],
    "flags": {
        "MDGL_buflen": -1,
        "MDGLpp_mode": 3,
        "batch_size": 32,
        "beta": 1.8,
        "comment": "run_-2.5_3_ntypes1_100_0.0005_2",
        "crs_thr": false,
        "custom_mode": -2.5,
        "dampening_factor": 0.3,
        "delay_window": 700,
        "downsampled": false,
        "in_high": 2.0,
        "l1": 0.01,
        "learning_rate": 0.0005,
        "load_adj": false,
        "lr_decay": 0.8,
        "lr_decay_every": 300,
        "model": "LSNN",
        "n_adaptive": 0,
        "n_delay": 1,
        "n_in": 2,
        "n_iter": 3000,
        "n_multiplier": 1.0,
        "n_ref": 5,
        "n_regular": 120,
        "neuron_sign": true,
        "ntype_EI": 1,
        "op_conversion_fallback_to_while_loop": false,
        "print_every": 20,
        "proportion_excitatory": 0.8,
        "reg_l2": 0.0005,
        "resume": "",
        "rewiring_connectivity": 0.99,
        "rewiring_temperature": 0.0,
        "save_data": true,
        "sparsify_Wpow": -1.0,
        "tau_a": 700.0,
        "tau_a_range": 0.0,
        "tau_v": 100.0,
        "thr": 0.0,
        "trainable_adapt_mode": 0,
        "verbose": true,
        "wout_connectivity": 0.99
    },
    "loss": 0.002698945812880993,
    "loss_list": [
        0.6991987824440002,
        0.7079554796218872,
        0.6918333768844604,
        0.6911596655845642,
        0.6927623748779297,
        0.6923353672027588,
        0.697407603263855,
        0.7323500514030457,
        0.6839953660964966,
        0.6734333634376526,
        0.5722318291664124,
        0.45132744312286377,
        0.3694272041320801,
        0.27486228942871094,
        0.1385801136493683,
        0.10958188027143478,
        0.10179920494556427,
        0.06911971420049667,
        0.041743334382772446,
        0.032704953104257584,
        0.044967614114284515,
        0.02376977726817131,
        0.02256576344370842,
        0.018406420946121216,
        0.020836595445871353,
        0.012374680489301682,
        0.013515274040400982,
        0.012889569625258446,
        0.011323600076138973,
        0.010461760684847832,
        0.01092170923948288,
        0.009508742019534111,
        0.008667899295687675,
        0.007979229092597961,
        0.008677709847688675,
        0.0068517159670591354,
        0.0075799692422151566,
        0.007281918078660965,
        0.006461736746132374,
        0.006015768740326166,
        0.006538251414895058,
        0.00574078131467104,
        0.005583084188401699,
        0.005326797254383564,
        0.005080931819975376,
        0.00544699328020215,
        0.005173523910343647,
        0.004405781626701355,
        0.00545922527089715,
        0.004866577219218016,
        0.004516868386417627,
        0.004469103179872036,
        0.004334893077611923,
        0.004938703030347824,
        0.004788273014128208,
        0.004343193024396896,
        0.005097107496112585,
        0.004175135400146246,
        0.004125045612454414,
        0.003828900633379817,
        0.003742573782801628,
        0.003793783253058791,
        0.0036542867310345173,
        0.003511022077873349,
        0.0034328936599195004,
        0.003483177861198783,
        0.003252579364925623,
        0.003477372694760561,
        0.0032383298967033625,
        0.003506314940750599,
        0.00353319407440722,
        0.003752701682969928,
        0.0038699989672750235,
        0.00437790434807539,
        0.005773976910859346,
        0.0036717383190989494,
        0.003388489130884409,
        0.002973318099975586,
        0.003402518108487129,
        0.0031792055815458298,
        0.0030988918151706457,
        0.0038188453763723373,
        0.003519722493365407,
        0.003325867932289839,
        0.0034230900928378105,
        0.004397720564156771,
        0.0034446713980287313,
        0.0030012186616659164,
        0.0033337920904159546,
        0.003035358153283596,
        0.0030087598133832216,
        0.0028924671933054924,
        0.002749236300587654,
        0.0027838684618473053,
        0.002761984243988991,
        0.002938658930361271,
        0.0030260500498116016,
        0.0033329250290989876,
        0.0029181004501879215,
        0.0031706802546977997,
        0.0029539656825363636,
        0.003405641531571746,
        0.0028012078255414963,
        0.002784470096230507,
        0.002781478688120842,
        0.0028774873353540897,
        0.0027996706776320934,
        0.00274552870541811,
        0.002967539243400097,
        0.0030495994724333286,
        0.002741442993283272,
        0.0027740965597331524,
        0.0026617064140737057,
        0.0027588687371462584,
        0.0028340034186840057,
        0.002850250108167529,
        0.002962186699733138,
        0.0026907441206276417,
        0.0027764942497015,
        0.0031094730366021395,
        0.0030963276512920856,
        0.003058916423469782,
        0.0032423795200884342,
        0.0030636524315923452,
        0.003184707835316658,
        0.002930412534624338,
        0.002883077831938863,
        0.0028300443664193153,
        0.002844853326678276,
        0.002848333679139614,
        0.0031957579776644707,
        0.002683741506189108,
        0.002651088172569871,
        0.0026261131279170513,
        0.0027348389849066734,
        0.0027554233092814684,
        0.0028155483305454254,
        0.0024936525151133537,
        0.002698970725759864,
        0.002693153452128172,
        0.002506030723452568,
        0.002734476700425148,
        0.0027984818443655968,
        0.0027422423008829355,
        0.0027127331122756004,
        0.002502025570720434,
        0.0024391687475144863,
        0.004787435755133629,
        0.0026752352714538574,
        0.002698945812880993
    ],
    "time_to_ref": [],