{
    "error": 1.0,
    "error_list": [
        0.5625,
        0.375,
        0.625,
        0.5,
        0.375,
        0.59375,
        0.4375,
        0.8125,
        0.71875,
        0.84375,
        0.78125,
        0.875,
        0.8125,
        1.0,
        1.0,
        1.0,
        1.0,
        1.0,
        1.0,
        1.0,
        1.0,
        1.0,
        1.0,
        1.0,
        1.0,
        1.0,
        1.0,
        1.0,
        1.0,
        1.0,
        1.0,
        1.0,
        1.0,
        1.0,
        1.0,
        1.0,
        1.0,
        1.0,
        1.0,
        1.0,
        1.0,
        1.0,
        1.0,
        1.0,
        1.0,
        1.0,
        1.0,
        1.0,
        1.0,
        1.0,
        1.0,
        1.0,
        1.0,
        1.0,
        1.0,
        1.0,
        1.0,
        1.0,
        1.0,
        1.0,
        1.0,
        1.0,
        1.0,
        1.0,
        1.0,
        1.0,
        1.0,
        1.0,
        1.0,
        1.0,
        1.0,
        1.0,
        1.0,
        1.0,
        1.0,
        1.0,
        1.0,
        1.0,
        1.0,
        1.0,
        1.0,
        1.0,
        1.0,
        1.0,
        1.0,
        1.0,
        1.0,
        1.0,
        1.0,
        1.0,
        1.0,
        1.0,
        1.0,
        1.0,
        1.0,
        1.0,
        1.0,
        1.0,
        1.0,
        1.0,
        1.0,
        1.0,
        1.0,
        1.0,
        1.0,
        1.0,
        1.0,
        1.0,
        1.0,
        1.0,
        1.0,
        1.0,
        1.0,
        1.0,
        1.0,
        1.0,
        1.0,
        1.0,
        1.0,
        1.0,
        1.0,
        1.0,
        1.0,
        1.0,
        1.0,
        1.0,
        1.0,
        1.0,
        1.0,
        1.0,
        1.0,
        1.0,
        1.0,
        1.0,
        1.0,
        1.0,
        1.0,
        1.0,
        1.0,
        1.0,
        1.0,
        1.0,
        1.0,
        1.0,
        1.0,
        1.0,
        1.0,
        1.0,
        1.0,
        1.0
    ],
    "flags": {
        "Eds_mode": 0,
        "MDGL_buflen": -1,
        "MDGLpp_mode": 3,
        "batch_size": 32,
        "beta": 1.8,
        "comment": "run_-2.5_3_ntypes1_100_0.0005_2",
        "crs_thr": false,
        "custom_mode": -2.5,
        "dampening_factor": 0.3,
        "delay_window": 700,
        "downsampled": false,
        "in_high": 2.0,
        "l1": 0.01,
        "learning_rate": 0.0005,
        "load_adj": false,
        "lr_decay": 0.8,
        "lr_decay2_every": 900,
        "lr_decay_every": 300,
        "model": "LSNN",
        "n_adaptive": 0,
        "n_delay": 1,
        "n_in": 2,
        "n_iter": 3000,
        "n_multiplier": 1.0,
        "n_ref": 5,
        "n_regular": 120,
        "neuron_sign": true,
        "ntype_EI": 1,
        "op_conversion_fallback_to_while_loop": false,
        "print_every": 20,
        "proportion_excitatory": 0.8,
        "reg_l2": 0.0005,
        "resume": "",
        "rewiring_connectivity": 0.99,
        "rewiring_temperature": 0.0,
        "save_align": false,
        "save_align_every": 50,
        "save_data": true,
        "sparsify_Wpow": -1.0,
        "tau_a": 700.0,
        "tau_a_range": 0.0,
        "tau_v": 100.0,
        "thr": 0.0,
        "trainable_adapt_mode": 0,
        "verbose": true,
        "wout_connectivity": 0.99
    },
    "loss": 0.0020188449416309595,
    "loss_list": [
        0.6907927989959717,
        0.7311058044433594,
        0.6902624368667603,
        0.6971262693405151,
        0.6972105503082275,
        0.6878378391265869,
        0.6957262754440308,
        0.685276210308075,
        0.6897161602973938,
        0.676767110824585,
        0.6748112440109253,
        0.6544164419174194,
        0.5602387189865112,
        0.42718300223350525,
        0.26638588309288025,
        0.23623010516166687,
        0.16381725668907166,
        0.10326991975307465,
        0.06693580746650696,
        0.044144850224256516,
        0.04211033135652542,
        0.05536836385726929,
        0.022761641070246696,
        0.017959970980882645,
        0.010929234325885773,
        0.011343137361109257,
        0.009912557899951935,
        0.018818173557519913,
        0.0127329733222723,
        0.00970843993127346,
        0.005888464394956827,
        0.005855095572769642,
        0.005118774715811014,
        0.004703730344772339,
        0.0045657167211174965,
        0.004795540124177933,
        0.004528121091425419,
        0.004815736785531044,
        0.005837211385369301,
        0.005017777439206839,
        0.004501748364418745,
        0.004962744191288948,
        0.003067848738282919,
        0.003666931763291359,
        0.003003224264830351,
        0.003139415755867958,
        0.006539049558341503,
        0.0029437821358442307,
        0.003849674016237259,
        0.0030396117363125086,
        0.002946679014712572,
        0.0035253819078207016,
        0.0036223279312253,
        0.0031557627953588963,
        0.0029099590610712767,
        0.003265960607677698,
        0.0035446016117930412,
        0.003290805034339428,
        0.0027689016424119473,
        0.0037135696038603783,
        0.003437787527218461,
        0.0035059566143900156,
        0.0027082269079983234,
        0.002768220379948616,
        0.002532367128878832,
        0.0027647255919873714,
        0.0024861746933311224,
        0.0027868880424648523,
        0.0024051908403635025,
        0.0025217384099960327,
        0.0026628985069692135,
        0.002337972167879343,
        0.0024840179830789566,
        0.003070797771215439,
        0.0025570490397512913,
        0.002637447789311409,
        0.002579811029136181,
        0.0024043875746428967,
        0.0022173034958541393,
        0.003138761967420578,
        0.002669702284038067,
        0.0025361557491123676,
        0.0029697197023779154,
        0.002276971936225891,
        0.0027708986308425665,
        0.0022117523476481438,
        0.0024304944090545177,
        0.0028681806288659573,
        0.0024908408522605896,
        0.002382272854447365,
        0.002555666957050562,
        0.002155882306396961,
        0.002418906893581152,
        0.0026420634239912033,
        0.002413448877632618,
        0.002394423820078373,
        0.002472382504492998,
        0.0022397416178137064,
        0.002419818192720413,
        0.0023420928046107292,
        0.002283968962728977,
        0.0023290421813726425,
        0.002138106618076563,
        0.002436032984405756,
        0.0022659837268292904,
        0.002154120709747076,
        0.0021354337222874165,
        0.0020858203060925007,
        0.0021430449560284615,
        0.0022165407426655293,
        0.0020063938573002815,
        0.002529517747461796,
        0.0023340554907917976,
        0.0024248757399618626,
        0.0025514881126582623,
        0.00225918460637331,
        0.0021503446623682976,
        0.002455296227708459,
        0.0021786955185234547,
        0.0021606292575597763,
        0.0021865512244403362,
        0.002514749765396118,
        0.0023506302386522293,
        0.0021911910735070705,
        0.002224600873887539,
        0.002209325321018696,
        0.0022153975442051888,
        0.002073297742754221,
        0.002183666918426752,
        0.0025042828638106585,
        0.00213420856744051,
        0.002215766115114093,
        0.0020695594139397144,
        0.002170739695429802,
        0.0019565713591873646,
        0.002130742883309722,
        0.002251001773402095,
        0.0021088412031531334,
        0.0024505851324647665,
        0.0023150157649070024,
        0.002355167642235756,
        0.002374140778556466,
        0.0021182550117373466,
        0.0023387903347611427,
        0.0022857252042740583,
        0.002147770719602704,
        0.0022380873560905457,
        0.0020497178193181753,
        0.002279981505125761,
        0.0020188449416309595
    ],
    "time_to_ref": [],