{
    "error": 1.0,
    "error_list": [
        0.46875,
        0.625,
        0.5625,
        0.34375,
        0.375,
        0.375,
        0.59375,
        0.78125,
        1.0,
        1.0,
        1.0,
        1.0,
        1.0,
        1.0,
        1.0,
        1.0,
        1.0,
        1.0,
        1.0,
        1.0,
        1.0,
        1.0,
        1.0,
        1.0,
        1.0,
        1.0,
        1.0,
        1.0,
        1.0,
        1.0,
        1.0,
        1.0,
        1.0,
        1.0,
        1.0,
        1.0,
        1.0,
        1.0,
        1.0,
        1.0,
        1.0,
        1.0,
        1.0,
        1.0,
        1.0,
        1.0,
        1.0,
        1.0,
        1.0,
        1.0,
        1.0,
        1.0,
        1.0,
        1.0,
        1.0,
        1.0,
        1.0,
        1.0,
        1.0,
        1.0,
        1.0,
        1.0,
        1.0,
        1.0,
        1.0,
        1.0,
        1.0,
        1.0,
        1.0,
        1.0,
        1.0,
        1.0,
        1.0,
        1.0,
        1.0,
        1.0,
        1.0,
        1.0,
        1.0,
        1.0,
        1.0,
        1.0,
        1.0,
        1.0,
        1.0,
        1.0,
        1.0,
        1.0,
        1.0,
        1.0,
        1.0,
        1.0,
        1.0,
        1.0,
        1.0,
        1.0,
        1.0,
        1.0,
        1.0,
        1.0,
        1.0,
        1.0,
        1.0,
        1.0,
        1.0,
        1.0,
        1.0,
        1.0,
        1.0,
        1.0,
        1.0,
        1.0,
        1.0,
        1.0,
        1.0,
        1.0,
        1.0,
        1.0,
        1.0,
        1.0,
        1.0,
        1.0,
        1.0,
        1.0,
        1.0,
        1.0,
        1.0,
        1.0,
        1.0,
        1.0,
        1.0,
        1.0,
        1.0,
        1.0,
        1.0,
        1.0,
        1.0,
        1.0,
        1.0,
        1.0,
        1.0,
        1.0,
        1.0,
        1.0,
        1.0,
        1.0,
        1.0,
        1.0,
        1.0,
        1.0
    ],
    "flags": {
        "MDGL_buflen": -1,
        "MDGLpp_mode": 3,
        "batch_size": 32,
        "beta": 1.8,
        "comment": "run_-2.5_3_ntypes1_100_0.0005_6",
        "crs_thr": false,
        "custom_mode": -2.5,
        "dampening_factor": 0.3,
        "delay_window": 700,
        "downsampled": false,
        "in_high": 2.0,
        "l1": 0.01,
        "learning_rate": 0.0005,
        "load_adj": false,
        "lr_decay": 0.8,
        "lr_decay_every": 300,
        "model": "LSNN",
        "n_adaptive": 0,
        "n_delay": 1,
        "n_in": 2,
        "n_iter": 3000,
        "n_multiplier": 1.0,
        "n_ref": 5,
        "n_regular": 120,
        "neuron_sign": true,
        "ntype_EI": 1,
        "op_conversion_fallback_to_while_loop": false,
        "print_every": 20,
        "proportion_excitatory": 0.8,
        "reg_l2": 0.0005,
        "resume": "",
        "rewiring_connectivity": 0.99,
        "rewiring_temperature": 0.0,
        "save_data": true,
        "sparsify_Wpow": -1.0,
        "tau_a": 700.0,
        "tau_a_range": 0.0,
        "tau_v": 100.0,
        "thr": 0.0,
        "trainable_adapt_mode": 0,
        "verbose": true,
        "wout_connectivity": 0.99
    },
    "loss": 0.0025629443116486073,
    "loss_list": [
        0.7567827701568604,
        0.6952948570251465,
        0.686529815196991,
        0.7041977047920227,
        0.7003488540649414,
        0.6955192685127258,
        0.6859585046768188,
        0.670822262763977,
        0.607038140296936,
        0.4005281925201416,
        0.28628087043762207,
        0.18354737758636475,
        0.16458138823509216,
        0.07843548059463501,
        0.09160371869802475,
        0.07024206966161728,
        0.041175760328769684,
        0.0328170470893383,
        0.026552805677056313,
        0.029259800910949707,
        0.018665071576833725,
        0.017381392419338226,
        0.016437046229839325,
        0.01233483012765646,
        0.014712872914969921,
        0.010195796377956867,
        0.010088477283716202,
        0.0117001011967659,
        0.011267179623246193,
        0.007985355332493782,
        0.00792690645903349,
        0.007443688809871674,
        0.007945617660880089,
        0.007515019737184048,
        0.006961234379559755,
        0.006523827090859413,
        0.006001177243888378,
        0.005368572659790516,
        0.00536053953692317,
        0.006175327580422163,
        0.005092291161417961,
        0.006284145172685385,
        0.005342084914445877,
        0.005614354275166988,
        0.0054292865097522736,
        0.0044807372614741325,
        0.004535227548331022,
        0.004521306604146957,
        0.004552035592496395,
        0.004289789125323296,
        0.0051883794367313385,
        0.004228244535624981,
        0.004015021957457066,
        0.0046686697751283646,
        0.005201453343033791,
        0.00447355629876256,
        0.004359777085483074,
        0.0038870612625032663,
        0.003944835159927607,
        0.0038540600799024105,
        0.0039560734294354916,
        0.003853817470371723,
        0.0038365290965884924,
        0.0034426795318722725,
        0.004397215787321329,
        0.003304483834654093,
        0.0035827825777232647,
        0.002797041554003954,
        0.003562184050679207,
        0.0032401680946350098,
        0.0034672601614147425,
        0.003972676116973162,
        0.0035200845450162888,
        0.0032645692117512226,
        0.004030951298773289,
        0.003717635292559862,
        0.003425401169806719,
        0.0030839783139526844,
        0.003327685408294201,
        0.0039861127734184265,
        0.003460427513346076,
        0.0032048223074525595,
        0.002997264266014099,
        0.0033205379731953144,
        0.002863588510081172,
        0.0032681142911314964,
        0.0026355083100497723,
        0.0035756235010921955,
        0.003329673781991005,
        0.0034192739985883236,
        0.003154788166284561,
        0.0030296891927719116,
        0.003306940197944641,
        0.0031132774893194437,
        0.0029281782917678356,
        0.003291086759418249,
        0.0034339139237999916,
        0.002867352683097124,
        0.003241278463974595,
        0.0029416726902127266,
        0.003430726006627083,
        0.0024466041941195726,
        0.002971115056425333,
        0.0027267970144748688,
        0.0034240689128637314,
        0.00370032642967999,
        0.0032004923559725285,
        0.003024131990969181,
        0.0027593253180384636,
        0.0026527359150350094,
        0.0026678217109292746,
        0.0032173972576856613,
        0.0028173942118883133,
        0.003062744624912739,
        0.002575744641944766,
        0.0026669837534427643,
        0.0027452269569039345,
        0.002818581648170948,
        0.0031213248148560524,
        0.0024829686153680086,
        0.002521195914596319,
        0.0025011259131133556,
        0.003055209293961525,
        0.0031088031828403473,
        0.003646230325102806,
        0.003182284999638796,
        0.0025469313841313124,
        0.0023781368508934975,
        0.0024603090714663267,
        0.002706315601244569,
        0.0028721666894853115,
        0.0029011224396526814,
        0.0025018469896167517,
        0.0025767749175429344,
        0.0022872472181916237,
        0.0031126546673476696,
        0.0023020764347165823,
        0.003123982809484005,
        0.0026261508464813232,
        0.00227013835683465,
        0.00270756334066391,
        0.002330234507098794,
        0.0028868108056485653,
        0.0029691620729863644,
        0.002466579433530569,
        0.0026629557833075523,
        0.0027335956692695618,
        0.0024778537917882204,
        0.0026185070164501667,
        0.0025629443116486073
    ],
    "time_to_ref": [],