{
    "error": 1.0,
    "error_list": [
        0.46875,
        0.5625,
        0.65625,
        0.65625,
        0.40625,
        0.53125,
        1.0,
        1.0,
        0.4375,
        0.84375,
        1.0,
        1.0,
        0.78125,
        1.0,
        1.0,
        1.0,
        1.0,
        1.0,
        1.0,
        1.0,
        1.0,
        1.0,
        1.0,
        1.0,
        1.0,
        1.0,
        1.0,
        1.0,
        1.0,
        1.0,
        1.0,
        1.0,
        1.0,
        1.0,
        1.0,
        1.0,
        1.0,
        1.0,
        1.0,
        1.0,
        1.0,
        1.0,
        1.0,
        1.0,
        1.0,
        1.0,
        1.0,
        1.0,
        1.0,
        1.0,
        1.0,
        1.0,
        1.0,
        1.0,
        1.0,
        1.0,
        1.0,
        1.0,
        1.0,
        1.0,
        1.0,
        1.0,
        1.0,
        1.0,
        1.0,
        1.0,
        1.0,
        1.0,
        1.0,
        1.0,
        1.0,
        1.0,
        1.0,
        1.0,
        1.0,
        1.0,
        1.0,
        1.0,
        1.0,
        1.0,
        1.0,
        1.0,
        1.0,
        1.0,
        1.0,
        1.0,
        1.0,
        1.0,
        1.0,
        1.0,
        1.0,
        1.0,
        1.0,
        1.0,
        1.0,
        1.0,
        1.0,
        1.0,
        1.0,
        1.0,
        1.0,
        1.0,
        1.0,
        1.0,
        1.0,
        1.0,
        1.0,
        1.0,
        1.0,
        1.0,
        1.0,
        1.0,
        1.0,
        1.0,
        1.0,
        1.0,
        1.0,
        1.0,
        1.0,
        1.0,
        1.0,
        1.0,
        1.0,
        1.0,
        1.0,
        1.0,
        1.0,
        1.0,
        1.0,
        1.0,
        1.0,
        1.0,
        1.0,
        1.0,
        1.0,
        1.0,
        1.0,
        1.0,
        1.0,
        1.0,
        1.0,
        1.0,
        1.0,
        1.0,
        1.0,
        1.0,
        1.0,
        1.0,
        1.0,
        1.0
    ],
    "flags": {
        "Eds_mode": 0,
        "MDGL_buflen": -1,
        "MDGLpp_mode": 3,
        "batch_size": 32,
        "beta": 1.8,
        "comment": "run_-2.5_3_ntypes1_100_0.0005_4",
        "crs_thr": false,
        "custom_mode": -2.5,
        "dampening_factor": 0.3,
        "delay_window": 700,
        "downsampled": false,
        "in_high": 2.0,
        "l1": 0.01,
        "learning_rate": 0.0005,
        "load_adj": false,
        "lr_decay": 0.8,
        "lr_decay2_every": 900,
        "lr_decay_every": 300,
        "model": "LSNN",
        "n_adaptive": 0,
        "n_delay": 1,
        "n_in": 2,
        "n_iter": 3000,
        "n_multiplier": 1.0,
        "n_ref": 5,
        "n_regular": 120,
        "neuron_sign": true,
        "ntype_EI": 1,
        "op_conversion_fallback_to_while_loop": false,
        "print_every": 20,
        "proportion_excitatory": 0.8,
        "reg_l2": 0.0005,
        "resume": "",
        "rewiring_connectivity": 0.99,
        "rewiring_temperature": 0.0,
        "save_align": false,
        "save_align_every": 50,
        "save_data": true,
        "sparsify_Wpow": -1.0,
        "tau_a": 700.0,
        "tau_a_range": 0.0,
        "tau_v": 100.0,
        "thr": 0.0,
        "trainable_adapt_mode": 0,
        "verbose": true,
        "wout_connectivity": 0.99
    },
    "loss": 0.004966141656041145,
    "loss_list": [
        0.7573369145393372,
        0.6922193765640259,
        0.6824022531509399,
        0.6876755952835083,
        0.6942321062088013,
        0.6908653378486633,
        0.6844432950019836,
        0.5937867164611816,
        0.6904370784759521,
        0.7649461627006531,
        0.4035857915878296,
        0.37763944268226624,
        0.33094698190689087,
        0.355447381734848,
        0.3412916362285614,
        0.25780487060546875,
        0.22459226846694946,
        0.24791184067726135,
        0.20586179196834564,
        0.2064945548772812,
        0.15161168575286865,
        0.14309237897396088,
        0.13689982891082764,
        0.09086274355649948,
        0.04257386922836304,
        0.036131277680397034,
        0.05228187516331673,
        0.06236390396952629,
        0.03555775061249733,
        0.02265695109963417,
        0.02533707022666931,
        0.0272182896733284,
        0.018935855478048325,
        0.055677518248558044,
        0.02282411977648735,
        0.01703648269176483,
        0.020349960774183273,
        0.021817900240421295,
        0.022942733019590378,
        0.01672147959470749,
        0.02274179272353649,
        0.01590985804796219,
        0.015745017677545547,
        0.015502305701375008,
        0.01574769616127014,
        0.013837618753314018,
        0.014202730730175972,
        0.01279378216713667,
        0.016087662428617477,
        0.014868028461933136,
        0.01411389373242855,
        0.009275730699300766,
        0.011569476686418056,
        0.010827338322997093,
        0.009855451993644238,
        0.010067611001431942,
        0.009289596229791641,
        0.011422697454690933,
        0.01319919340312481,
        0.011988325044512749,
        0.00856049731373787,
        0.008343148976564407,
        0.008784187957644463,
        0.012883665040135384,
        0.007931452244520187,
        0.006986625958234072,
        0.008297435007989407,
        0.007657013833522797,
        0.007543053012341261,
        0.007262641564011574,
        0.007805726490914822,
        0.0074751912616193295,
        0.007997043430805206,
        0.006681891158223152,
        0.006713837385177612,
        0.006342954933643341,
        0.007431428413838148,
        0.0058900704607367516,
        0.006509744096547365,
        0.008023939095437527,
        0.006998024880886078,
        0.005434875376522541,
        0.005968612618744373,
        0.004341785795986652,
        0.004135804250836372,
        0.0050642481073737144,
        0.004358083475381136,
        0.00819611456245184,
        0.004968692548573017,
        0.007370400708168745,
        0.005738512147217989,
        0.005884316749870777,
        0.005738682113587856,
        0.005057037808001041,
        0.006040642969310284,
        0.006114447955042124,
        0.007168712094426155,
        0.0057141948491334915,
        0.00398661382496357,
        0.005167504772543907,
        0.003351819235831499,
        0.009244760498404503,
        0.004308693110942841,
        0.003951589576900005,
        0.004010841716080904,
        0.0051259370520710945,
        0.00625267717987299,
        0.005841997917741537,
        0.004382343031466007,
        0.004745876416563988,
        0.004804140888154507,
        0.0050004469230771065,
        0.004256337881088257,
        0.004369949921965599,
        0.004407459869980812,
        0.003612472442910075,
        0.0053554680198431015,
        0.00631688442081213,
        0.004419029224663973,
        0.005540549289435148,
        0.0066032554022967815,
        0.004945958498865366,
        0.0056827012449502945,
        0.00425783870741725,
        0.004090206231921911,
        0.004613230470567942,
        0.004362460691481829,
        0.004575068596750498,
        0.006161297671496868,
        0.004612365737557411,
        0.005135398358106613,
        0.0044431728310883045,
        0.004990557674318552,
        0.003901984076946974,
        0.003872588975355029,
        0.004627499729394913,
        0.005314234644174576,
        0.005146380979567766,
        0.004644900560379028,
        0.005311801563948393,
        0.005045585334300995,
        0.0048176865093410015,
        0.0038677644915878773,
        0.003966078627854586,
        0.003987448289990425,
        0.0033372598700225353,
        0.004667546134442091,
        0.004398321267217398,
        0.004698196891695261,
        0.004966141656041145
    ],
    "time_to_ref": [],