{
    "error": 1.0,
    "error_list": [
        0.4375,
        0.4375,
        0.625,
        0.46875,
        0.3125,
        0.5,
        0.6875,
        0.8125,
        0.78125,
        1.0,
        1.0,
        1.0,
        1.0,
        1.0,
        1.0,
        1.0,
        1.0,
        0.9375,
        0.96875,
        1.0,
        0.9375,
        1.0,
        1.0,
        0.96875,
        1.0,
        1.0,
        1.0,
        1.0,
        1.0,
        1.0,
        1.0,
        1.0,
        1.0,
        1.0,
        1.0,
        1.0,
        1.0,
        1.0,
        1.0,
        1.0,
        1.0,
        1.0,
        1.0,
        1.0,
        1.0,
        1.0,
        1.0,
        1.0,
        1.0,
        1.0,
        1.0,
        1.0,
        1.0,
        1.0,
        1.0,
        1.0,
        1.0,
        1.0,
        1.0,
        1.0,
        1.0,
        1.0,
        1.0,
        1.0,
        1.0,
        1.0,
        1.0,
        1.0,
        1.0,
        1.0,
        1.0,
        1.0,
        1.0,
        1.0,
        1.0,
        1.0,
        1.0,
        1.0,
        1.0,
        1.0,
        1.0,
        1.0,
        1.0,
        1.0,
        1.0,
        1.0,
        1.0,
        1.0,
        1.0,
        1.0,
        1.0,
        1.0,
        1.0,
        1.0,
        1.0,
        1.0,
        1.0,
        1.0,
        1.0,
        1.0,
        1.0,
        1.0,
        1.0,
        1.0,
        1.0,
        1.0,
        1.0,
        1.0,
        1.0,
        1.0,
        1.0,
        1.0,
        1.0,
        1.0,
        1.0,
        1.0,
        1.0,
        1.0,
        1.0,
        1.0,
        1.0,
        1.0,
        1.0,
        1.0,
        1.0,
        1.0,
        1.0,
        1.0,
        1.0,
        1.0,
        1.0,
        1.0,
        1.0,
        1.0,
        1.0,
        1.0,
        1.0,
        1.0,
        1.0,
        1.0,
        1.0,
        1.0,
        1.0,
        1.0,
        1.0,
        1.0,
        1.0,
        1.0,
        1.0,
        1.0
    ],
    "flags": {
        "Eds_mode": 0,
        "MDGL_buflen": -1,
        "MDGLpp_mode": 3,
        "batch_size": 32,
        "beta": 1.8,
        "comment": "run_-2.5_3_ntypes1_100_0.0005_6",
        "crs_thr": false,
        "custom_mode": -2.5,
        "dampening_factor": 0.3,
        "delay_window": 700,
        "downsampled": false,
        "in_high": 2.0,
        "l1": 0.01,
        "learning_rate": 0.0005,
        "load_adj": false,
        "lr_decay": 0.8,
        "lr_decay2_every": 900,
        "lr_decay_every": 300,
        "model": "LSNN",
        "n_adaptive": 0,
        "n_delay": 1,
        "n_in": 2,
        "n_iter": 3000,
        "n_multiplier": 1.0,
        "n_ref": 5,
        "n_regular": 120,
        "neuron_sign": true,
        "ntype_EI": 1,
        "op_conversion_fallback_to_while_loop": false,
        "print_every": 20,
        "proportion_excitatory": 0.8,
        "reg_l2": 0.0005,
        "resume": "",
        "rewiring_connectivity": 0.99,
        "rewiring_temperature": 0.0,
        "save_align": false,
        "save_align_every": 50,
        "save_data": true,
        "sparsify_Wpow": -1.0,
        "tau_a": 700.0,
        "tau_a_range": 0.0,
        "tau_v": 100.0,
        "thr": 0.0,
        "trainable_adapt_mode": 0,
        "verbose": true,
        "wout_connectivity": 0.99
    },
    "loss": 0.030902521684765816,
    "loss_list": [
        0.6967388391494751,
        0.701717734336853,
        0.6881813406944275,
        0.6999638080596924,
        0.7081932425498962,
        0.695609450340271,
        0.6835713386535645,
        0.6739989519119263,
        0.668778121471405,
        0.5045388340950012,
        0.35860830545425415,
        0.23541736602783203,
        0.15668794512748718,
        0.10051547735929489,
        0.059016332030296326,
        0.03994283080101013,
        0.07284267246723175,
        0.10789348185062408,
        0.06278357654809952,
        0.052719034254550934,
        0.09877368807792664,
        0.06925244629383087,
        0.021643968299031258,
        0.1012977734208107,
        0.03519851714372635,
        0.021219663321971893,
        0.04825116693973541,
        0.03704977408051491,
        0.10258983075618744,
        0.037537992000579834,
        0.02541055530309677,
        0.03509899973869324,
        0.0643920749425888,
        0.12326035648584366,
        0.06516042351722717,
        0.0315927229821682,
        0.00861961580812931,
        0.007994705811142921,
        0.006788615137338638,
        0.007758856751024723,
        0.01039448007941246,
        0.007269754074513912,
        0.006537857465445995,
        0.007975682616233826,
        0.00639683660119772,
        0.008911442011594772,
        0.007613688707351685,
        0.009160923771560192,
        0.006656814366579056,
        0.015430417843163013,
        0.006331006996333599,
        0.00877272430807352,
        0.014427529647946358,
        0.008378572762012482,
        0.010646872222423553,
        0.021416528150439262,
        0.012761840596795082,
        0.006348335184156895,
        0.01903623528778553,
        0.006272919941693544,
        0.016603965312242508,
        0.051095444709062576,
        0.027729738503694534,
        0.013390351086854935,
        0.03353644162416458,
        0.02198910340666771,
        0.041577793657779694,
        0.031765446066856384,
        0.033154550939798355,
        0.012511913664638996,
        0.01809075102210045,
        0.019728725776076317,
        0.024057067930698395,
        0.042552508413791656,
        0.044302359223365784,
        0.019966676831245422,
        0.027057264000177383,
        0.011144611984491348,
        0.15306007862091064,
        0.14815911650657654,
        0.10520301759243011,
        0.009813332930207253,
        0.02628735452890396,
        0.007707049138844013,
        0.008339333347976208,
        0.00863608904182911,
        0.00476950453594327,
        0.004314614459872246,
        0.012090850621461868,
        0.015519946813583374,
        0.005994274280965328,
        0.014626206830143929,
        0.009436720050871372,
        0.004122178070247173,
        0.018236985430121422,
        0.0121286166831851,
        0.006051255390048027,
        0.025848254561424255,
        0.0038935872726142406,
        0.017540618777275085,
        0.008159508928656578,
        0.008588392287492752,
        0.006690495181828737,
        0.011249179020524025,
        0.0036883652210235596,
        0.006093768402934074,
        0.025644095614552498,
        0.0038432341534644365,
        0.010646175593137741,
        0.010279614478349686,
        0.017735829576849937,
        0.004667297005653381,
        0.009428644552826881,
        0.030801301822066307,
        0.018222816288471222,
        0.009099185466766357,
        0.004314374644309282,
        0.014203313738107681,
        0.02297723852097988,
        0.03159278258681297,
        0.01905972696840763,
        0.01367077138274908,
        0.021981269121170044,
        0.02116663008928299,
        0.010410645045340061,
        0.0069699762389063835,
        0.005283924285322428,
        0.015286545269191265,
        0.027242673560976982,
        0.004229729995131493,
        0.009602032601833344,
        0.009272987022995949,
        0.008337686769664288,
        0.005557035095989704,
        0.010035869665443897,
        0.02206558734178543,
        0.00806129164993763,
        0.07119791209697723,
        0.024482231587171555,
        0.02801348641514778,
        0.004118217620998621,
        0.01922730728983879,
        0.014433934353291988,
        0.015291736461222172,
        0.0333641953766346,
        0.01928897202014923,
        0.016132205724716187,
        0.017313342541456223,
        0.028865668922662735,
        0.030902521684765816
    ],
    "time_to_ref": [],