{
    "error": 1.0,
    "error_list": [
        0.71875,
        0.40625,
        0.625,
        0.4375,
        0.5,
        0.46875,
        0.5625,
        0.53125,
        0.59375,
        1.0,
        1.0,
        1.0,
        1.0,
        1.0,
        1.0,
        1.0,
        1.0,
        1.0,
        1.0,
        1.0,
        1.0,
        1.0,
        1.0,
        0.6875,
        0.6875,
        0.5625,
        0.71875,
        0.78125,
        0.8125,
        0.78125,
        0.625,
        1.0,
        1.0,
        1.0,
        1.0,
        1.0,
        1.0,
        1.0,
        1.0,
        1.0,
        1.0,
        1.0,
        1.0,
        1.0,
        1.0,
        1.0,
        1.0,
        1.0,
        1.0,
        1.0,
        1.0,
        1.0,
        1.0,
        1.0,
        1.0,
        1.0,
        1.0,
        1.0,
        1.0,
        1.0,
        0.84375,
        1.0,
        1.0,
        1.0,
        1.0,
        1.0,
        1.0,
        1.0,
        1.0,
        1.0,
        1.0,
        1.0,
        1.0,
        1.0,
        1.0,
        1.0,
        1.0,
        1.0,
        1.0,
        1.0,
        1.0,
        1.0,
        1.0,
        1.0,
        1.0,
        1.0,
        1.0,
        1.0,
        1.0,
        1.0,
        1.0,
        1.0,
        1.0,
        1.0,
        1.0,
        1.0,
        1.0,
        1.0,
        1.0,
        1.0,
        1.0,
        1.0,
        1.0,
        1.0,
        1.0,
        1.0,
        1.0,
        1.0,
        1.0,
        1.0,
        1.0,
        1.0,
        1.0,
        1.0,
        1.0,
        1.0,
        1.0,
        1.0,
        1.0,
        1.0,
        1.0,
        1.0,
        1.0,
        1.0,
        1.0,
        1.0,
        1.0,
        1.0,
        1.0,
        1.0,
        1.0,
        1.0,
        1.0,
        1.0,
        1.0,
        1.0,
        1.0,
        1.0,
        1.0,
        1.0,
        1.0,
        1.0,
        1.0,
        1.0,
        1.0,
        1.0,
        1.0,
        1.0,
        1.0,
        1.0
    ],
    "flags": {
        "MDGL_buflen": -1,
        "MDGLpp_mode": 3,
        "batch_size": 32,
        "beta": 1.8,
        "comment": "run_-2.5_3_ntypes1_100_0.0005_1",
        "crs_thr": false,
        "custom_mode": -2.5,
        "dampening_factor": 0.3,
        "delay_window": 700,
        "downsampled": false,
        "in_high": 2.0,
        "l1": 0.01,
        "learning_rate": 0.0005,
        "load_adj": false,
        "lr_decay": 0.8,
        "lr_decay_every": 300,
        "model": "LSNN",
        "n_adaptive": 0,
        "n_delay": 1,
        "n_in": 2,
        "n_iter": 3000,
        "n_multiplier": 1.0,
        "n_ref": 5,
        "n_regular": 120,
        "neuron_sign": true,
        "ntype_EI": 1,
        "op_conversion_fallback_to_while_loop": false,
        "print_every": 20,
        "proportion_excitatory": 0.8,
        "reg_l2": 0.0005,
        "resume": "",
        "rewiring_connectivity": 0.99,
        "rewiring_temperature": 0.0,
        "save_data": true,
        "sparsify_Wpow": -1.0,
        "tau_a": 700.0,
        "tau_a_range": 0.0,
        "tau_v": 100.0,
        "thr": 0.0,
        "trainable_adapt_mode": 0,
        "verbose": true,
        "wout_connectivity": 0.99
    },
    "loss": 0.06198074668645859,
    "loss_list": [
        0.6977068185806274,
        0.6949353218078613,
        0.6906201839447021,
        0.7021740078926086,
        0.6920678019523621,
        0.6934698820114136,
        0.6830006837844849,
        0.6336150765419006,
        0.4809325933456421,
        0.43859025835990906,
        0.32342422008514404,
        0.2572624087333679,
        0.10231751948595047,
        0.12632551789283752,
        0.22398366034030914,
        0.16139563918113708,
        0.12049463391304016,
        0.2430497407913208,
        0.02664722129702568,
        0.11137093603610992,
        0.07687465101480484,
        0.15489113330841064,
        0.13324841856956482,
        1.0138537883758545,
        0.6911531686782837,
        0.6382735967636108,
        0.6417162418365479,
        0.5619465112686157,
        0.47384488582611084,
        0.4867074489593506,
        0.4399457573890686,
        0.188598170876503,
        0.12113992869853973,
        0.09906236827373505,
        0.1599874645471573,
        0.12254082411527634,
        0.13735875487327576,
        0.13623276352882385,
        0.1471211463212967,
        0.11492305994033813,
        0.17290231585502625,
        0.15510699152946472,
        0.08144359290599823,
        0.1086357831954956,
        0.0792439877986908,
        0.10587252676486969,
        0.1174144446849823,
        0.10286559164524078,
        0.06214529275894165,
        0.125872403383255,
        0.1019858866930008,
        0.12315277010202408,
        0.09670619666576385,
        0.10600733757019043,
        0.0945306122303009,
        0.08041013032197952,
        0.10292607545852661,
        0.11340722441673279,
        0.12130409479141235,
        0.0639062449336052,
        0.4607310891151428,
        0.07773884385824203,
        0.05746017396450043,
        0.08559547364711761,
        0.11694365739822388,
        0.09378860145807266,
        0.07202448695898056,
        0.14610940217971802,
        0.07066406309604645,
        0.038549087941646576,
        0.0696554183959961,
        0.11098416149616241,
        0.0997786819934845,
        0.07838834822177887,
        0.05754733830690384,
        0.06735704839229584,
        0.09691616892814636,
        0.06665952503681183,
        0.10579151660203934,
        0.10499062389135361,
        0.13367488980293274,
        0.04550440236926079,
        0.07417787611484528,
        0.09322866797447205,
        0.0925925225019455,
        0.11102902889251709,
        0.09167968481779099,
        0.10960398614406586,
        0.07150531560182571,
        0.07122866809368134,
        0.09863439947366714,
        0.06102265417575836,
        0.07005751132965088,
        0.09703116118907928,
        0.05157351866364479,
        0.06005856394767761,
        0.09584301710128784,
        0.08619773387908936,
        0.07723020017147064,
        0.05918440222740173,
        0.08469008654356003,
        0.067200668156147,
        0.0667460709810257,
        0.0405462309718132,
        0.06578977406024933,
        0.05729096382856369,
        0.08235301077365875,
        0.07357369363307953,
        0.05631191283464432,
        0.07291962951421738,
        0.12245600670576096,
        0.05567833408713341,
        0.0804082602262497,
        0.07161557674407959,
        0.03862887993454933,
        0.04668138921260834,
        0.10354454815387726,
        0.05458550900220871,
        0.0706973597407341,
        0.06137178838253021,
        0.08548758924007416,
        0.06911512464284897,
        0.09252679347991943,
        0.06074787676334381,
        0.06068016216158867,
        0.0603967048227787,
        0.09112847596406937,
        0.044671088457107544,
        0.10580355674028397,
        0.0441126823425293,
        0.09739506989717484,
        0.09674131870269775,
        0.09621936082839966,
        0.06617069244384766,
        0.05811993032693863,
        0.06555873155593872,
        0.05807080492377281,
        0.05743969976902008,
        0.05759035795927048,
        0.04969574883580208,
        0.06438010931015015,
        0.04209500178694725,
        0.0710812658071518,
        0.08534500002861023,
        0.05614063888788223,
        0.07717696577310562,
        0.0627114474773407,
        0.06980597227811813,
        0.06934735178947449,
        0.06198074668645859
    ],
    "time_to_ref": [],