{
    "error": 1.0,
    "error_list": [
        0.5625,
        0.5,
        0.65625,
        0.46875,
        0.5625,
        0.46875,
        0.4375,
        0.53125,
        0.53125,
        0.59375,
        0.28125,
        0.6875,
        0.6875,
        0.71875,
        0.8125,
        0.78125,
        1.0,
        0.625,
        1.0,
        1.0,
        1.0,
        1.0,
        1.0,
        1.0,
        1.0,
        1.0,
        1.0,
        1.0,
        1.0,
        1.0,
        1.0,
        1.0,
        1.0,
        0.96875,
        1.0,
        1.0,
        1.0,
        0.96875,
        1.0,
        1.0,
        1.0,
        1.0,
        1.0,
        1.0,
        1.0,
        1.0,
        1.0,
        1.0,
        1.0,
        1.0,
        1.0,
        1.0,
        1.0,
        1.0,
        1.0,
        1.0,
        1.0,
        1.0,
        1.0,
        1.0,
        1.0,
        1.0,
        1.0,
        1.0,
        1.0,
        1.0,
        1.0,
        1.0,
        1.0,
        1.0,
        1.0,
        1.0,
        1.0,
        1.0,
        1.0,
        1.0,
        1.0,
        1.0,
        1.0,
        1.0,
        1.0,
        1.0,
        1.0,
        1.0,
        1.0,
        1.0,
        1.0,
        1.0,
        1.0,
        1.0,
        1.0,
        1.0,
        1.0,
        1.0,
        1.0,
        1.0,
        1.0,
        1.0,
        1.0,
        1.0,
        1.0,
        1.0,
        1.0,
        1.0,
        1.0,
        1.0,
        1.0,
        1.0,
        1.0,
        1.0,
        1.0,
        1.0,
        1.0,
        1.0,
        1.0,
        1.0,
        1.0,
        1.0,
        1.0,
        1.0,
        1.0,
        1.0,
        1.0,
        1.0,
        1.0,
        1.0,
        1.0,
        1.0,
        1.0,
        1.0,
        1.0,
        1.0,
        1.0,
        1.0,
        1.0,
        1.0,
        1.0,
        1.0,
        1.0,
        1.0,
        1.0,
        1.0,
        1.0,
        1.0,
        1.0,
        1.0,
        1.0,
        1.0,
        1.0,
        1.0
    ],
    "flags": {
        "MDGL_buflen": -1,
        "MDGLpp_mode": 3,
        "batch_size": 32,
        "beta": 1.8,
        "comment": "run_-2.5_3_ntypes1_100_0.0005_4",
        "crs_thr": false,
        "custom_mode": -2.5,
        "dampening_factor": 0.3,
        "delay_window": 700,
        "downsampled": false,
        "in_high": 2.0,
        "l1": 0.01,
        "learning_rate": 0.0005,
        "load_adj": false,
        "lr_decay": 0.8,
        "lr_decay_every": 300,
        "model": "LSNN",
        "n_adaptive": 0,
        "n_delay": 1,
        "n_in": 2,
        "n_iter": 3000,
        "n_multiplier": 1.0,
        "n_ref": 5,
        "n_regular": 120,
        "neuron_sign": true,
        "ntype_EI": 1,
        "op_conversion_fallback_to_while_loop": false,
        "print_every": 20,
        "proportion_excitatory": 0.8,
        "reg_l2": 0.0005,
        "resume": "",
        "rewiring_connectivity": 0.99,
        "rewiring_temperature": 0.0,
        "save_data": true,
        "sparsify_Wpow": -1.0,
        "tau_a": 700.0,
        "tau_a_range": 0.0,
        "tau_v": 100.0,
        "thr": 0.0,
        "trainable_adapt_mode": 0,
        "verbose": true,
        "wout_connectivity": 0.99
    },
    "loss": 0.044609058648347855,
    "loss_list": [
        0.6709563136100769,
        0.6924554109573364,
        0.6889768838882446,
        0.6956090927124023,
        0.6911008358001709,
        0.6930286884307861,
        0.6932920217514038,
        0.6908985376358032,
        0.703080415725708,
        0.6848313808441162,
        0.696587085723877,
        0.6893640160560608,
        0.6669487953186035,
        0.6958662867546082,
        0.6780580282211304,
        0.6034189462661743,
        0.40197890996932983,
        0.37373295426368713,
        0.26309511065483093,
        0.21986892819404602,
        0.2329733967781067,
        0.22610053420066833,
        0.19153741002082825,
        0.18116670846939087,
        0.13530215620994568,
        0.24175606667995453,
        0.18223115801811218,
        0.09251877665519714,
        0.13952039182186127,
        0.1103471964597702,
        0.13866791129112244,
        0.11647460609674454,
        0.05692094564437866,
        0.06932942569255829,
        0.04572470858693123,
        0.03205114230513573,
        0.031649477779865265,
        0.03826802968978882,
        0.01697659119963646,
        0.028446665033698082,
        0.0590890571475029,
        0.10065631568431854,
        0.019183684140443802,
        0.013692295178771019,
        0.017717938870191574,
        0.01335611380636692,
        0.018253520131111145,
        0.027331877499818802,
        0.029727889224886894,
        0.02130937948822975,
        0.017470112070441246,
        0.02597709745168686,
        0.023005079478025436,
        0.03589851036667824,
        0.020182151347398758,
        0.0265481136739254,
        0.019662337377667427,
        0.00713083241134882,
        0.03377741202712059,
        0.03146684542298317,
        0.023814167827367783,
        0.033727582544088364,
        0.02495311200618744,
        0.032872188836336136,
        0.04624219238758087,
        0.015452634543180466,
        0.03465563803911209,
        0.009673048742115498,
        0.03930417075753212,
        0.023109007626771927,
        0.030883057042956352,
        0.03411165252327919,
        0.005934061482548714,
        0.01009977888315916,
        0.02154541015625,
        0.01597064919769764,
        0.011879987083375454,
        0.02475864253938198,
        0.005264623090624809,
        0.003435711842030287,
        0.006689765490591526,
        0.01841428130865097,
        0.026327379047870636,
        0.02240031585097313,
        0.04319806769490242,
        0.006822161376476288,
        0.008642718195915222,
        0.019933383911848068,
        0.037292253226041794,
        0.0034182826057076454,
        0.0331721268594265,
        0.016388196498155594,
        0.06616208702325821,
        0.03662683814764023,
        0.028428934514522552,
        0.005734077654778957,
        0.005599057301878929,
        0.019997091963887215,
        0.017522864043712616,
        0.03408029302954674,
        0.013295196928083897,
        0.03031988814473152,
        0.02224165014922619,
        0.021169370040297508,
        0.011508401483297348,
        0.005511133000254631,
        0.021853648126125336,
        0.003593376837670803,
        0.005128875374794006,
        0.00610752310603857,
        0.017124110832810402,
        0.019265707582235336,
        0.04125606641173363,
        0.027095165103673935,
        0.019626986235380173,
        0.01879231631755829,
        0.024481801316142082,
        0.024876238778233528,
        0.025974195450544357,
        0.005487876012921333,
        0.009318321011960506,
        0.028959352523088455,
        0.010620702058076859,
        0.004639430902898312,
        0.007035734597593546,
        0.031678613275289536,
        0.005202918779104948,
        0.025920890271663666,
        0.020418841391801834,
        0.010005376301705837,
        0.025346875190734863,
        0.0033449300099164248,
        0.004641484469175339,
        0.005288670305162668,
        0.015354408882558346,
        0.008286725729703903,
        0.0052084121853113174,
        0.0340617336332798,
        0.004167589358985424,
        0.004346583504229784,
        0.011746050789952278,
        0.02609635517001152,
        0.006001694593578577,
        0.004785493947565556,
        0.0059228320606052876,
        0.021676145493984222,
        0.005298107862472534,
        0.0052571468986570835,
        0.016892466694116592,
        0.044609058648347855
    ],
    "time_to_ref": [],