{
    "error": 1.0,
    "error_list": [
        0.5,
        0.34375,
        0.40625,
        0.625,
        0.53125,
        0.5,
        0.5,
        1.0,
        0.75,
        1.0,
        1.0,
        1.0,
        0.9375,
        1.0,
        0.90625,
        1.0,
        1.0,
        1.0,
        1.0,
        1.0,
        1.0,
        1.0,
        1.0,
        1.0,
        1.0,
        1.0,
        1.0,
        0.84375,
        1.0,
        1.0,
        1.0,
        1.0,
        1.0,
        1.0,
        1.0,
        1.0,
        1.0,
        1.0,
        1.0,
        1.0,
        1.0,
        1.0,
        1.0,
        1.0,
        1.0,
        1.0,
        1.0,
        1.0,
        1.0,
        1.0,
        1.0,
        1.0,
        1.0,
        1.0,
        1.0,
        1.0,
        1.0,
        1.0,
        1.0,
        1.0,
        1.0,
        1.0,
        1.0,
        1.0,
        1.0,
        1.0,
        1.0,
        1.0,
        1.0,
        1.0,
        1.0,
        1.0,
        1.0,
        1.0,
        1.0,
        1.0,
        1.0,
        1.0,
        1.0,
        1.0,
        1.0,
        1.0,
        1.0,
        1.0,
        1.0,
        1.0,
        1.0,
        1.0,
        1.0,
        1.0,
        1.0,
        1.0,
        1.0,
        1.0,
        1.0,
        1.0,
        1.0,
        1.0,
        1.0,
        1.0,
        1.0,
        1.0,
        1.0,
        1.0,
        1.0,
        1.0,
        1.0,
        1.0,
        1.0,
        1.0,
        1.0,
        1.0,
        1.0,
        1.0,
        1.0,
        1.0,
        1.0,
        1.0,
        1.0,
        1.0,
        1.0,
        1.0,
        1.0,
        1.0,
        1.0,
        1.0,
        1.0,
        1.0,
        1.0,
        1.0,
        1.0,
        1.0,
        1.0,
        1.0,
        1.0,
        1.0,
        1.0,
        1.0,
        1.0,
        1.0,
        1.0,
        1.0,
        1.0,
        1.0,
        1.0,
        1.0,
        1.0,
        1.0,
        1.0,
        1.0
    ],
    "flags": {
        "MDGL_buflen": -1,
        "MDGLpp_mode": 3,
        "batch_size": 32,
        "beta": 1.8,
        "comment": "run_-2.5_3_ntypes1_100_0.0005_5",
        "crs_thr": false,
        "custom_mode": -2.5,
        "dampening_factor": 0.3,
        "delay_window": 700,
        "downsampled": false,
        "in_high": 2.0,
        "l1": 0.01,
        "learning_rate": 0.0005,
        "load_adj": false,
        "lr_decay": 0.8,
        "lr_decay_every": 300,
        "model": "LSNN",
        "n_adaptive": 0,
        "n_delay": 1,
        "n_in": 2,
        "n_iter": 3000,
        "n_multiplier": 1.0,
        "n_ref": 5,
        "n_regular": 120,
        "neuron_sign": true,
        "ntype_EI": 1,
        "op_conversion_fallback_to_while_loop": false,
        "print_every": 20,
        "proportion_excitatory": 0.8,
        "reg_l2": 0.0005,
        "resume": "",
        "rewiring_connectivity": 0.99,
        "rewiring_temperature": 0.0,
        "save_data": true,
        "sparsify_Wpow": -1.0,
        "tau_a": 700.0,
        "tau_a_range": 0.0,
        "tau_v": 100.0,
        "thr": 0.0,
        "trainable_adapt_mode": 0,
        "verbose": true,
        "wout_connectivity": 0.99
    },
    "loss": 0.002609857590869069,
    "loss_list": [
        0.725066065788269,
        0.6940118074417114,
        0.7010852098464966,
        0.6846803426742554,
        0.6885396242141724,
        0.6831645965576172,
        0.6843501329421997,
        0.6676377058029175,
        0.6370017528533936,
        0.5448411703109741,
        0.42342233657836914,
        0.3728974461555481,
        0.43166059255599976,
        0.2552991807460785,
        0.3492443561553955,
        0.08449338376522064,
        0.14741641283035278,
        0.10586477071046829,
        0.0687912106513977,
        0.04384110867977142,
        0.03286033496260643,
        0.02652381733059883,
        0.027335433289408684,
        0.02377031184732914,
        0.029532842338085175,
        0.017209606245160103,
        0.04891693592071533,
        0.425131618976593,
        0.03444744274020195,
        0.02532418817281723,
        0.016700025647878647,
        0.011876795440912247,
        0.013358073309063911,
        0.011096378788352013,
        0.010318913497030735,
        0.009372174739837646,
        0.015104871243238449,
        0.011349933221936226,
        0.01224454678595066,
        0.008324769325554371,
        0.012104814872145653,
        0.008040444925427437,
        0.007029427215456963,
        0.012889852747321129,
        0.008198276162147522,
        0.009357878938317299,
        0.004370059818029404,
        0.009283998981118202,
        0.009212946519255638,
        0.008575113490223885,
        0.004229798913002014,
        0.006343092303723097,
        0.008613331243395805,
        0.012431705370545387,
        0.006977139972150326,
        0.010248365812003613,
        0.014321624301373959,
        0.005523810163140297,
        0.005662953481078148,
        0.008808596059679985,
        0.005041871685534716,
        0.009633827023208141,
        0.005314988549798727,
        0.005297147668898106,
        0.007005101535469294,
        0.00964362919330597,
        0.011203411966562271,
        0.004323845729231834,
        0.0054814801551401615,
        0.0035918739158660173,
        0.004886007402092218,
        0.003577440744265914,
        0.005433464422821999,
        0.007051649037748575,
        0.009667160920798779,
        0.008839975111186504,
        0.006766366772353649,
        0.008197158575057983,
        0.0033790585584938526,
        0.01777293160557747,
        0.09091836959123611,
        0.040882743895053864,
        0.021431542932987213,
        0.03843057528138161,
        0.007447913289070129,
        0.0029023787938058376,
        0.0027969132643193007,
        0.0035229891072958708,
        0.0030299590434879065,
        0.0029416887555271387,
        0.003175860270857811,
        0.0031489753164350986,
        0.002159483265131712,
        0.0022984144743531942,
        0.0029808736871927977,
        0.003872241359204054,
        0.002857942832633853,
        0.0032251528464257717,
        0.0021533959079533815,
        0.0026792450807988644,
        0.0026593252550810575,
        0.002656762022525072,
        0.002591316122561693,
        0.0026738550513982773,
        0.0021914257667958736,
        0.002635495038703084,
        0.0024231038987636566,
        0.0026367062237113714,
        0.002567511983215809,
        0.0026556423399597406,
        0.0028216016944497824,
        0.0022812332026660442,
        0.002342223422601819,
        0.002522104885429144,
        0.002506291726604104,
        0.002273456659168005,
        0.0025309287011623383,
        0.001839159056544304,
        0.0026156683452427387,
        0.0028134388849139214,
        0.002217230387032032,
        0.0033565261401236057,
        0.0026780697517096996,
        0.001922180294059217,
        0.0023040729574859142,
        0.002077559707686305,
        0.002409144304692745,
        0.0022405257914215326,
        0.0022088135592639446,
        0.0017406115075573325,
        0.00203985208645463,
        0.002649253234267235,
        0.0023379786871373653,
        0.002520062029361725,
        0.0022212951444089413,
        0.0021094493567943573,
        0.002044243738055229,
        0.0018559000454843044,
        0.0023043747060000896,
        0.002305840142071247,
        0.002739510964602232,
        0.0029141223058104515,
        0.0024896380491554737,
        0.0026346277445554733,
        0.0026158310938626528,
        0.0020563481375575066,
        0.002532040234655142,
        0.002834383165463805,
        0.0024570398963987827,
        0.002609857590869069
    ],
    "time_to_ref": [],