{
    "error": 1.0,
    "error_list": [
        0.28125,
        0.5,
        0.40625,
        0.5,
        0.71875,
        0.90625,
        0.625,
        1.0,
        0.96875,
        0.71875,
        0.625,
        0.625,
        0.71875,
        0.5,
        0.71875,
        0.6875,
        0.53125,
        0.75,
        0.8125,
        0.78125,
        0.71875,
        0.84375,
        0.75,
        1.0,
        1.0,
        1.0,
        0.78125,
        1.0,
        1.0,
        1.0,
        1.0,
        0.8125,
        1.0,
        1.0,
        1.0,
        1.0,
        1.0,
        1.0,
        1.0,
        1.0,
        1.0,
        1.0,
        1.0,
        1.0,
        1.0,
        1.0,
        1.0,
        1.0,
        1.0,
        1.0,
        1.0,
        1.0,
        1.0,
        1.0,
        1.0,
        1.0,
        1.0,
        1.0,
        1.0,
        1.0,
        1.0,
        1.0,
        1.0,
        1.0,
        1.0,
        1.0,
        1.0,
        1.0,
        1.0,
        1.0,
        1.0,
        1.0,
        1.0,
        1.0,
        1.0,
        1.0,
        1.0,
        1.0,
        1.0,
        1.0,
        1.0,
        1.0,
        1.0,
        1.0,
        1.0,
        1.0,
        1.0,
        1.0,
        1.0,
        1.0,
        1.0,
        1.0,
        1.0,
        1.0,
        1.0,
        1.0,
        1.0,
        1.0,
        1.0,
        1.0,
        1.0,
        1.0,
        1.0,
        1.0,
        1.0,
        1.0,
        1.0,
        1.0,
        1.0,
        1.0,
        1.0,
        1.0,
        1.0,
        1.0,
        1.0,
        1.0,
        1.0,
        1.0,
        1.0,
        1.0,
        1.0,
        1.0,
        1.0,
        1.0,
        1.0,
        1.0,
        1.0,
        1.0,
        1.0,
        1.0,
        1.0,
        1.0,
        1.0,
        1.0,
        1.0,
        1.0,
        1.0,
        1.0,
        1.0,
        1.0,
        1.0,
        1.0,
        1.0,
        1.0,
        1.0,
        1.0,
        1.0,
        1.0,
        1.0,
        1.0
    ],
    "flags": {
        "Eds_mode": 0,
        "MDGL_buflen": -1,
        "MDGLpp_mode": 3,
        "batch_size": 32,
        "beta": 1.8,
        "comment": "run_-2.5_3_ntypes1_100_0.0005_5",
        "crs_thr": false,
        "custom_mode": -2.5,
        "dampening_factor": 0.3,
        "delay_window": 700,
        "downsampled": false,
        "in_high": 2.0,
        "l1": 0.01,
        "learning_rate": 0.0005,
        "load_adj": false,
        "lr_decay": 0.8,
        "lr_decay2_every": 900,
        "lr_decay_every": 300,
        "model": "LSNN",
        "n_adaptive": 0,
        "n_delay": 1,
        "n_in": 2,
        "n_iter": 3000,
        "n_multiplier": 1.0,
        "n_ref": 5,
        "n_regular": 120,
        "neuron_sign": true,
        "ntype_EI": 1,
        "op_conversion_fallback_to_while_loop": false,
        "print_every": 20,
        "proportion_excitatory": 0.8,
        "reg_l2": 0.0005,
        "resume": "",
        "rewiring_connectivity": 0.99,
        "rewiring_temperature": 0.0,
        "save_align": false,
        "save_align_every": 50,
        "save_data": true,
        "sparsify_Wpow": -1.0,
        "tau_a": 700.0,
        "tau_a_range": 0.0,
        "tau_v": 100.0,
        "thr": 0.0,
        "trainable_adapt_mode": 0,
        "verbose": true,
        "wout_connectivity": 0.99
    },
    "loss": 0.04077254980802536,
    "loss_list": [
        0.7393860816955566,
        0.6916185617446899,
        0.6951026916503906,
        0.7044175863265991,
        0.687477171421051,
        0.6612529754638672,
        0.6390789747238159,
        0.5388895273208618,
        0.5639772415161133,
        0.6324389576911926,
        0.6882165670394897,
        0.6630763411521912,
        0.6845045685768127,
        0.6191989183425903,
        0.5885379910469055,
        0.5568454265594482,
        0.5867427587509155,
        0.4982597827911377,
        0.48078954219818115,
        0.5037190914154053,
        0.5541115403175354,
        0.4364396631717682,
        0.4432913064956665,
        0.40728938579559326,
        0.4101811647415161,
        0.3606314957141876,
        0.6235790848731995,
        0.3845171332359314,
        0.37894517183303833,
        0.3455517292022705,
        0.3616141676902771,
        0.36566561460494995,
        0.36302223801612854,
        0.3521127998828888,
        0.38624221086502075,
        0.2813355326652527,
        0.3309805989265442,
        0.2529914677143097,
        0.3061094582080841,
        0.25507956743240356,
        0.34216004610061646,
        0.3004315495491028,
        0.26608091592788696,
        0.2309897243976593,
        0.3568662703037262,
        0.2551032602787018,
        0.26758474111557007,
        0.36670956015586853,
        0.26498109102249146,
        0.2192823588848114,
        0.15651097893714905,
        0.1991075575351715,
        0.1584010124206543,
        0.1498057097196579,
        0.14562052488327026,
        0.12318101525306702,
        0.12426766753196716,
        0.10310794413089752,
        0.1028808057308197,
        0.10163987427949905,
        0.11177337169647217,
        0.09910393506288528,
        0.08564607799053192,
        0.07564768195152283,
        0.0904216393828392,
        0.09349211305379868,
        0.09261871874332428,
        0.07060253620147705,
        0.09151912480592728,
        0.0833105742931366,
        0.08751188218593597,
        0.0881660208106041,
        0.0732840895652771,
        0.07087329030036926,
        0.0620039701461792,
        0.06958839297294617,
        0.070254847407341,
        0.059774935245513916,
        0.06530771404504776,
        0.06717139482498169,
        0.0785016119480133,
        0.061164774000644684,
        0.06284885853528976,
        0.06510481238365173,
        0.058155376464128494,
        0.057793281972408295,
        0.06864325702190399,
        0.0656324177980423,
        0.07140131294727325,
        0.06750262528657913,
        0.06021852046251297,
        0.0636661946773529,
        0.05440346896648407,
        0.06180096045136452,
        0.06313372403383255,
        0.06021569296717644,
        0.052765488624572754,
        0.04890986531972885,
        0.057030364871025085,
        0.04013422504067421,
        0.05584138631820679,
        0.04829651117324829,
        0.055763162672519684,
        0.05673351511359215,
        0.05705856904387474,
        0.042093247175216675,
        0.04704458266496658,
        0.061308931559324265,
        0.05426760017871857,
        0.042271703481674194,
        0.044853031635284424,
        0.04007098078727722,
        0.050536900758743286,
        0.03834391385316849,
        0.04746859148144722,
        0.04464692994952202,
        0.055519744753837585,
        0.055080946534872055,
        0.049779657274484634,
        0.05232148617506027,
        0.03954842686653137,
        0.04871869459748268,
        0.04160325974225998,
        0.043151915073394775,
        0.043890852481126785,
        0.04725469648838043,
        0.04380927234888077,
        0.038351669907569885,
        0.047331634908914566,
        0.04246525838971138,
        0.04789060726761818,
        0.044578637927770615,
        0.051903799176216125,
        0.042770564556121826,
        0.04949353635311127,
        0.04896499961614609,
        0.03885858133435249,
        0.03827531263232231,
        0.03608447685837746,
        0.038945239037275314,
        0.04269585758447647,
        0.038201168179512024,
        0.03451697900891304,
        0.040283989161252975,
        0.040133628994226456,
        0.03595885634422302,
        0.045189157128334045,
        0.042603619396686554,
        0.058895260095596313,
        0.04077254980802536
    ],
    "time_to_ref": [],